{"cameraMode":{"drawMode":0,"name":"Shaded","section":"Shading Mode"},"sceneLighting":false,"audioPlay":false,"sceneViewState":{"m_AlwaysRefresh":false,"showFog":true,"showSkybox":true,"showFlares":true,"showImageEffects":true,"showParticleSystems":true,"showVisualEffectGraphs":true,"m_FxEnabled":true},"in2DMode":false,"pivot":{"x":21.26549530029297,"y":-1834.60986328125,"z":2691.108154296875},"rotation":{"x":0.2987031936645508,"y":-0.0009168838732875884,"z":0.00028595043113455176,"w":0.9544240832328796},"size":2148.75732421875,"orthographic":false}