{"cameraMode":{"drawMode":0,"name":"Shaded","section":"Shading Mode"},"sceneLighting":false,"audioPlay":false,"sceneViewState":{"m_AlwaysRefresh":false,"showFog":true,"showSkybox":true,"showFlares":true,"showImageEffects":true,"showParticleSystems":true,"showVisualEffectGraphs":true,"m_FxEnabled":false},"in2DMode":false,"pivot":{"x":1706.3431396484375,"y":781.2581787109375,"z":-852.6663818359375},"rotation":{"x":-0.3581690192222595,"y":0.052631206810474399,"z":-0.017474278807640077,"w":-0.9324855208396912},"size":486.59075927734377,"orthographic":true}