{"cameraMode":{"drawMode":0,"name":"Shaded","section":"Shading Mode"},"sceneLighting":false,"audioPlay":false,"sceneViewState":{"m_AlwaysRefresh":false,"showFog":true,"showSkybox":true,"showFlares":true,"showImageEffects":true,"showParticleSystems":true,"showVisualEffectGraphs":true,"m_FxEnabled":false},"in2DMode":false,"pivot":{"x":-336.5915832519531,"y":190.5460662841797,"z":-91.84034729003906},"rotation":{"x":0.20910818874835969,"y":-0.01438433863222599,"z":0.0010595399653539062,"w":0.9781347513198853},"size":660.3541259765625,"orthographic":true}