{"cameraMode":{"drawMode":0,"name":"Shaded","section":"Shading Mode"},"sceneLighting":false,"audioPlay":false,"sceneViewState":{"showFog":true,"showMaterialUpdate":false,"showSkybox":false,"showFlares":true,"showImageEffects":true,"showParticleSystems":true},"in2DMode":false,"pivot":{"x":10.777348518371582,"y":0.9363203048706055,"z":6.199274063110352},"rotation":{"x":-0.21546298265457154,"y":-0.1755496859550476,"z":0.03940974175930023,"w":-0.9597942233085632},"size":23.559566497802736,"orthographic":false}