{"cameraMode":{"drawMode":0,"name":"Shaded","section":"Shading Mode"},"sceneLighting":false,"audioPlay":false,"sceneViewState":{"showFog":true,"showMaterialUpdate":false,"showSkybox":true,"showFlares":true,"showImageEffects":true,"showParticleSystems":true},"in2DMode":false,"pivot":{"x":880.96435546875,"y":-1634.138671875,"z":1867.0618896484375},"rotation":{"x":0.32728397846221926,"y":0.14878687262535096,"z":-0.052267804741859439,"w":0.9316737055778503},"size":3037.10693359375,"orthographic":false}